"Effect","Estimate","lCI","uCI"
"Intercept",0.264115101057498,0.246978063458782,0.281975812626586
"spatial",-0.0373353250910563,-0.0411701749560483,-0.0334819203994317
"BMI",-0.013245469267231,-0.0319273852243463,0.00545279446644607
"Age1",0.0297478880042531,0.0223617636269724,0.0372661829642765
"HFI",-0.00453758001217895,-0.00775691089553587,-0.00134314594257289
"Infec",-0.208497151809227,-0.251469562106792,-0.165868599595449
"HFI:Infec",0.0167752948649835,-0.00213484577590201,0.0354590763990464
