"Effect","Estimate","lCI","uCI"
"Intercept",0.290406344733733,0.27284195145101,0.308142243822326
"spatial",-0.0343472418638215,-0.0384583572070097,-0.0303094669852846
"BMI",-0.010383571710599,-0.0265305129295025,0.00568355950614785
"Sex1",0.000209558700980678,-0.00178740729806055,0.00224604361730734
"HFI",-0.00562778415577352,-0.00896489350559036,-0.00239411667996811
"Infec",-0.206517306787137,-0.251520859423049,-0.162874513622052
"HFI:Infec",0.0147461478654708,-0.00432865507167517,0.034001148408894
